longitude,latitude,environment 2017_net_primary_production,environment 2017_sea-bottom_dissolved_oxygen,clusterid
13.22,45.53,44.33724113,236.2761723,0.0
12.72,45.03,94.56675001,172.2595662,0.0
13.22,45.03,33.05063945,197.8334125,3.0
14.22,45.03,11.54401374,242.9430979,3.0
12.72,44.53,147.2438122,188.1265318,0.0
13.22,44.53,25.92641104,226.5554831,3.0
13.72,44.53,15.67317768,236.8273122,3.0
14.22,44.53,17.43039438,244.976252,3.0
14.72,44.53,19.53696786,243.7662095,3.0
8.22,44.03,3.149597306,170.9825717,1.0
8.72,44.03,2.091468852,171.5071045,1.0
9.22,44.03,2.148466852,173.6696164,1.0
9.72,44.03,4.933728177,232.730983,3.0
12.72,44.03,61.43397565,232.019662,0.0
13.22,44.03,13.18650227,232.7648049,3.0
13.72,44.03,8.951489076,221.9062846,3.0
14.22,44.03,11.58575767,204.4880233,3.0
14.72,44.03,15.12948741,214.1222455,3.0
15.22,44.03,16.1753745,234.0151634,3.0
7.22,43.53,4.672804836,181.5120506,1.0
7.72,43.53,4.415955194,179.3823844,1.0
8.22,43.53,2.864138337,182.6444657,1.0
8.72,43.53,2.080207161,183.3154032,1.0
9.22,43.53,2.121760203,174.9459657,1.0
9.72,43.53,4.127771944,204.5187628,3.0
10.22,43.53,9.585970168,240.0949539,3.0
13.72,43.53,5.991920071,226.1116253,3.0
14.22,43.53,5.562539575,203.8194533,3.0
14.72,43.53,6.376900715,199.8338383,1.0
15.22,43.53,7.261222778,224.3460727,3.0
15.72,43.53,7.033201273,230.0896564,3.0
3.22,43.03,11.3804232,234.3199402,3.0
3.72,43.03,12.4420546,218.4762826,3.0
4.22,43.03,36.09394518,215.5462111,3.0
4.72,43.03,78.51755666,200.8983393,0.0
5.22,43.03,29.55946224,206.4626709,3.0
5.72,43.03,9.747084024,194.3258212,1.0
6.22,43.03,7.616623993,212.8760111,3.0
6.72,43.03,2.435480309,179.8507149,1.0
7.22,43.03,2.954326183,185.2807817,1.0
7.72,43.03,2.64706656,185.5186727,1.0
8.22,43.03,2.182618114,185.0734908,1.0
8.72,43.03,2.065050764,185.5594313,1.0
9.22,43.03,2.021383854,182.7234269,1.0
9.72,43.03,2.413894857,195.7113618,1.0
10.22,43.03,6.120274221,227.4952919,3.0
14.22,43.03,4.235136564,230.182339,3.0
14.72,43.03,2.788986838,215.3818429,3.0
15.22,43.03,2.861923389,207.8471122,3.0
15.72,43.03,3.265122627,221.8926196,3.0
16.22,43.03,6.226157239,242.7402129,3.0
16.72,43.03,10.54601846,239.1382078,3.0
17.22,43.03,16.51495046,235.7809957,3.0
3.22,42.53,8.615650688,223.5454969,3.0
3.72,42.53,5.254802507,196.1223364,1.0
4.22,42.53,12.80562387,185.3725467,1.0
4.72,42.53,20.65730276,182.7634353,1.0
5.22,42.53,6.320878179,183.9416872,1.0
5.72,42.53,4.256305563,185.7364796,1.0
6.22,42.53,4.26292325,193.2354029,1.0
6.72,42.53,2.624474601,185.5649709,1.0
7.22,42.53,2.575488897,185.0671466,1.0
7.72,42.53,2.475742092,184.4286687,1.0
8.22,42.53,2.265165565,185.356688,1.0
9.72,42.53,2.015958882,198.7554458,1.0
10.22,42.53,2.397900509,220.5751151,3.0
10.72,42.53,2.566736075,220.1831464,3.0
14.22,42.53,8.011599983,229.8197436,3.0
14.72,42.53,3.072248488,199.4033889,1.0
15.22,42.53,2.06080228,199.3808449,1.0
15.72,42.53,2.123288903,214.547536,3.0
16.22,42.53,2.473294951,227.8586875,3.0
16.72,42.53,4.080111623,237.2080673,3.0
17.22,42.53,7.343672503,230.5682823,3.0
17.72,42.53,11.42678071,231.1514041,3.0
18.22,42.53,11.35236685,229.4262864,3.0
3.22,42.03,5.668042188,193.3484728,1.0
3.72,42.03,4.169459124,177.2589315,1.0
4.22,42.03,4.42960088,184.763497,1.0
4.72,42.03,4.347902924,187.3390072,1.0
5.22,42.03,3.139207791,187.7927701,1.0
5.72,42.03,2.990522404,186.6470691,1.0
6.22,42.03,3.00370196,186.1227098,1.0
6.72,42.03,2.918780637,185.1965338,1.0
7.22,42.03,2.867572178,184.8594688,1.0
7.72,42.03,2.62512393,184.4067247,1.0
8.22,42.03,2.363220663,186.1105049,1.0
8.72,42.03,2.388472092,184.1258205,1.0
9.72,42.03,1.789172174,186.7912422,1.0
10.22,42.03,1.894258038,188.060256,1.0
10.72,42.03,2.012155996,188.6037276,1.0
11.22,42.03,2.402517991,215.3932162,3.0
11.72,42.03,3.2962968,236.362606,3.0
15.22,42.03,3.430946111,222.8301873,3.0
15.72,42.03,2.724061931,227.0416502,3.0
16.22,42.03,2.563872686,223.6584192,3.0
16.72,42.03,2.220670549,214.1181488,3.0
17.22,42.03,2.262847468,184.5178045,1.0
17.72,42.03,3.127077627,186.300672,1.0
18.22,42.03,4.615143664,200.4948403,1.0
18.72,42.03,4.937959932,233.3505369,3.0
2.72,41.53,17.14351577,196.4716564,1.0
3.22,41.53,8.127256583,187.2964058,1.0
3.72,41.53,3.678029792,182.770755,1.0
4.22,41.53,3.442789785,186.3331647,1.0
4.72,41.53,3.688816649,186.1094381,1.0
5.22,41.53,3.080998791,186.6296914,1.0
5.72,41.53,2.893240677,186.414157,1.0
6.22,41.53,3.069080653,185.76955,1.0
6.72,41.53,2.993848513,185.1186877,1.0
7.22,41.53,2.795452975,184.1806292,1.0
7.72,41.53,2.543533405,184.4885034,1.0
8.22,41.53,2.403533014,185.7816518,1.0
8.72,41.53,2.637913111,202.7430858,3.0
9.72,41.53,1.765457422,180.1515738,1.0
10.22,41.53,1.697297342,177.9120514,1.0
10.72,41.53,1.694338963,178.2795589,1.0
11.22,41.53,1.866574618,180.9961804,1.0
11.72,41.53,3.24324971,188.103649,1.0
12.22,41.53,12.87668366,203.417999,3.0
16.22,41.53,4.909976816,242.4200175,3.0
16.72,41.53,2.643536868,222.0583754,3.0
17.22,41.53,2.169891133,183.2398682,1.0
17.72,41.53,2.168007154,179.6662586,1.0
18.22,41.53,2.200018196,183.9805466,1.0
18.72,41.53,3.234122233,216.8311594,3.0
19.22,41.53,17.20245302,236.5439585,3.0
1.22,41.03,21.69203108,182.8428052,1.0
1.72,41.03,19.41942768,177.0002662,1.0
2.22,41.03,12.6471534,170.7560174,1.0
2.72,41.03,9.657665523,177.4305107,1.0
3.22,41.03,5.271985116,181.091778,1.0
3.72,41.03,3.300683803,186.0256145,1.0
4.22,41.03,3.190366911,186.3904247,1.0
4.72,41.03,3.766591261,186.0017277,1.0
5.22,41.03,3.560725187,186.0263337,1.0
5.72,41.03,3.229658409,185.5285312,1.0
6.22,41.03,3.182169853,185.1287574,1.0
6.72,41.03,2.856732725,184.8677868,1.0
7.22,41.03,2.560821468,184.1951614,1.0
7.72,41.03,2.258112844,185.5209733,1.0
8.22,41.03,2.271982695,189.0191248,1.0
8.72,41.03,2.525391002,220.1240501,3.0
9.72,41.03,1.988953433,205.7855378,3.0
10.22,41.03,1.711004864,179.8552715,1.0
10.72,41.03,1.658593415,180.7084747,1.0
11.22,41.03,1.656454995,181.8757087,1.0
11.72,41.03,2.0971634,182.7307349,1.0
12.22,41.03,8.101926419,187.3313083,1.0
12.72,41.03,15.00230818,192.2985273,1.0
13.22,41.03,5.162924958,194.2932365,1.0
13.72,41.03,7.542435256,207.8689683,3.0
17.22,41.03,3.200379265,215.3055791,3.0
17.72,41.03,2.517821434,190.8937103,1.0
18.22,41.03,2.192993246,182.1454536,1.0
18.72,41.03,2.574426261,196.8144142,1.0
19.22,41.03,15.18607306,236.6060824,3.0
28.22,41.03,13.49544961,220.6711654,3.0
0.72,40.53,33.71029675,208.3291668,3.0
1.22,40.53,13.35128238,176.5504937,1.0
1.72,40.53,7.357093899,170.9759599,1.0
2.22,40.53,4.786937007,174.6551893,1.0
2.72,40.53,4.808422772,179.8454998,1.0
3.22,40.53,4.813643358,184.3114076,1.0
3.72,40.53,4.084793874,186.7282819,1.0
4.22,40.53,3.878385784,187.2538898,1.0
4.72,40.53,4.321414297,186.4868708,1.0
5.22,40.53,4.266767468,185.7561305,1.0
5.72,40.53,3.769564909,185.136761,1.0
6.22,40.53,3.427995316,184.752161,1.0
6.72,40.53,2.844985652,184.4075894,1.0
7.22,40.53,2.269452436,185.0133551,1.0
7.72,40.53,1.979086376,187.0730981,1.0
8.22,40.53,2.512655155,200.9023557,1.0
10.22,40.53,1.775027449,182.4886696,1.0
10.72,40.53,1.663169704,183.5730001,1.0
11.22,40.53,1.57319652,182.9899255,1.0
11.72,40.53,1.557371021,183.0982821,1.0
12.22,40.53,1.797914282,183.1762104,1.0
12.72,40.53,2.325768809,184.1585398,1.0
13.22,40.53,2.198070451,186.2093463,1.0
13.72,40.53,4.539713894,189.5300789,1.0
14.22,40.53,11.83556909,200.2802694,3.0
14.72,40.53,10.22338571,203.8038985,3.0
18.22,40.53,2.550749504,217.4340218,3.0
18.72,40.53,2.429914827,195.6772482,1.0
19.22,40.53,9.664551115,226.261051,3.0
22.72,40.53,18.91544895,0.0,2.0
24.22,40.53,11.05634559,195.906452,1.0
24.72,40.53,11.33452195,207.1557012,3.0
25.22,40.53,10.3245998,185.4458926,1.0
25.72,40.53,16.75560677,195.9433954,1.0
26.22,40.53,23.10264061,194.5810695,1.0
26.72,40.53,16.97655787,197.1023847,1.0
27.22,40.53,13.22155814,197.7840879,1.0
27.72,40.53,19.45558711,57.93229349,2.0
28.22,40.53,15.26758077,34.91920638,2.0
28.72,40.53,20.18980424,23.7385119,2.0
0.22,40.03,7.02151418,222.4806578,3.0
0.72,40.03,10.41585477,199.4332822,3.0
1.22,40.03,4.048148606,175.2782445,1.0
1.72,40.03,3.363139173,170.9445643,1.0
2.22,40.03,3.460826331,174.8344886,1.0
2.72,40.03,3.799126666,177.4013074,1.0
3.22,40.03,4.367116776,181.2670342,1.0
3.72,40.03,4.561749502,183.0286787,1.0
4.22,40.03,4.441894058,190.6972069,1.0
4.72,40.03,4.675817879,187.7168315,1.0
5.22,40.03,4.670290257,185.4663904,1.0
5.72,40.03,4.004304388,184.6340099,1.0
6.22,40.03,3.01072657,184.0293515,1.0
6.72,40.03,2.347354416,184.9298685,1.0
7.22,40.03,1.944427044,186.4080884,1.0
7.72,40.03,1.850881455,187.4557567,1.0
8.22,40.03,2.934482638,198.2015781,1.0
9.72,40.03,2.048347925,194.5275815,1.0
10.22,40.03,1.639764503,183.3709494,1.0
10.72,40.03,1.491286644,183.0470764,1.0
11.22,40.03,1.407555937,182.019102,1.0
11.72,40.03,1.366674844,182.3892326,1.0
12.22,40.03,1.396798377,182.5189572,1.0
12.72,40.03,1.44388127,182.4868104,1.0
13.22,40.03,1.49460401,183.1103596,1.0
13.72,40.03,1.702746565,184.0615871,1.0
14.22,40.03,2.70596487,184.0834648,1.0
14.72,40.03,4.13219549,192.5532865,1.0
15.22,40.03,2.447541708,194.1361524,1.0
16.72,40.03,4.595650909,207.9539669,3.0
17.22,40.03,3.318890049,185.341465,1.0
17.72,40.03,2.604388343,224.0385584,3.0
18.72,40.03,2.356849829,197.0643882,1.0
19.22,40.03,2.703291835,180.6633192,1.0
19.72,40.03,5.467211239,224.5623118,3.0
22.72,40.03,17.60358614,219.2167281,3.0
23.22,40.03,15.07233581,190.7348845,1.0
23.72,40.03,12.42092431,170.7206515,1.0
24.22,40.03,7.719547837,161.2812643,1.0
24.72,40.03,7.140072121,153.3153888,1.0
25.22,40.03,8.458449867,158.4859081,1.0
25.72,40.03,12.24985674,166.0535083,1.0
26.22,40.03,19.0255272,177.7352113,1.0
-0.28,39.53,11.40803148,208.2665218,3.0
0.22,39.53,7.135514327,191.0011923,1.0
0.72,39.53,3.8971842,172.7553303,1.0
1.22,39.53,3.068966934,160.783357,1.0
1.72,39.53,3.008202713,165.6999281,1.0
2.22,39.53,2.843348175,177.7381108,1.0
3.72,39.53,3.75549751,196.0556715,1.0
4.22,39.53,4.256466897,183.3773049,1.0
4.72,39.53,4.435981962,187.9612234,1.0
5.22,39.53,4.28244658,185.490673,1.0
5.72,39.53,3.353738421,184.7527745,1.0
6.22,39.53,2.391729424,184.7502857,1.0
6.72,39.53,2.164340154,185.2095478,1.0
7.22,39.53,1.883603355,187.3186147,1.0
7.72,39.53,1.836694646,184.218567,1.0
8.22,39.53,2.575469017,192.8708607,1.0
9.72,39.53,2.564090567,182.3627231,1.0
10.22,39.53,1.471991775,183.665125,1.0
10.72,39.53,1.343434126,182.62544,1.0
11.22,39.53,1.240419316,182.3944244,1.0
11.72,39.53,1.213789842,182.5357777,1.0
12.22,39.53,1.257254646,182.5266764,1.0
12.72,39.53,1.295163607,182.2567286,1.0
13.22,39.53,1.360435978,181.927775,1.0
13.72,39.53,1.415979233,181.8840165,1.0
14.22,39.53,1.450279882,183.08825,1.0
14.72,39.53,1.529459166,184.3790154,1.0
15.22,39.53,1.640099424,185.7253199,1.0
15.72,39.53,1.777728433,190.384984,1.0
17.22,39.53,2.011710176,176.8874852,1.0
17.72,39.53,2.272049659,189.0021338,1.0
18.22,39.53,2.604944025,215.7733465,3.0
18.72,39.53,2.227457329,190.0928568,1.0
19.22,39.53,2.445794581,181.5164574,1.0
19.72,39.53,4.09792417,217.7715665,3.0
23.22,39.53,7.701742587,174.3753845,1.0
23.72,39.53,6.111322642,168.8972292,1.0
24.22,39.53,5.498372914,166.2322586,1.0
24.72,39.53,6.141905841,173.3188658,1.0
25.22,39.53,7.651686221,195.4256417,1.0
25.72,39.53,11.08826204,205.3321246,3.0
26.72,39.53,0.0,0.0,2.0
0.22,39.03,4.97906525,169.0321773,1.0
0.72,39.03,2.895898127,151.5378477,1.0
1.22,39.03,2.438412537,165.8450097,1.0
1.72,39.03,2.53445771,170.4280754,1.0
2.22,39.03,2.599175946,177.7873105,1.0
2.72,39.03,2.853068585,188.6056037,1.0
3.22,39.03,3.149981143,191.7091975,1.0
3.72,39.03,3.499802906,187.2107524,1.0
4.22,39.03,3.835690959,189.1775475,1.0
4.72,39.03,3.570966324,188.891956,1.0
5.22,39.03,3.040311153,186.2447631,1.0
5.72,39.03,2.514950271,185.5243872,1.0
6.22,39.03,2.397377302,185.8137301,1.0
6.72,39.03,2.280278065,186.2677198,1.0
7.22,39.03,1.962053341,188.0201811,1.0
7.72,39.03,1.886917972,185.3065622,1.0
8.22,39.03,2.45559377,194.7353659,1.0
9.22,39.03,3.432462838,190.8201507,1.0
9.72,39.03,2.617891423,182.3679114,1.0
10.22,39.03,1.43093675,183.5555711,1.0
10.72,39.03,1.314375298,182.7080218,1.0
11.22,39.03,1.276117761,183.203779,1.0
11.72,39.03,1.321508065,183.1298497,1.0
12.22,39.03,1.345105626,182.7370394,1.0
12.72,39.03,1.302159961,182.1103939,1.0
13.22,39.03,1.252433837,181.3374064,1.0
13.72,39.03,1.268205058,180.4156383,1.0
14.22,39.03,1.265230838,179.9309613,1.0
14.72,39.03,1.235919948,180.8659869,1.0
15.22,39.03,1.274909852,183.2200171,1.0
15.72,39.03,1.576736906,186.0963465,1.0
17.22,39.03,2.270118111,180.4686403,1.0
17.72,39.03,2.189838038,178.2635638,1.0
18.22,39.03,2.074617216,178.3658207,1.0
18.72,39.03,1.963633551,179.2994002,1.0
19.22,39.03,1.959181036,178.9552159,1.0
19.72,39.03,2.424049525,184.9141108,1.0
20.22,39.03,3.141507452,210.2051252,3.0
20.72,39.03,3.284789583,219.8471464,3.0
23.22,39.03,6.971704514,201.7865602,3.0
23.72,39.03,5.157783871,173.2880981,1.0
24.22,39.03,5.108436348,176.1570959,1.0
24.72,39.03,5.62118018,151.544499,1.0
25.22,39.03,6.819083562,181.2702504,1.0
25.72,39.03,9.238317751,202.7958309,3.0
26.72,39.03,12.04789977,228.9687309,3.0
0.22,38.53,4.337358498,194.2010413,1.0
0.72,38.53,2.755477713,172.9439887,1.0
1.22,38.53,2.263725419,201.8683146,3.0
1.72,38.53,2.367875955,183.5734412,1.0
2.22,38.53,2.462514759,177.3500071,1.0
2.72,38.53,2.62370043,185.4680899,1.0
3.22,38.53,2.883949681,188.306243,1.0
3.72,38.53,3.008336852,188.5407424,1.0
4.22,38.53,2.774046774,188.7235833,1.0
4.72,38.53,2.405367782,187.3754276,1.0
5.22,38.53,2.365046292,186.0662402,1.0
5.72,38.53,2.462065396,186.0784282,1.0
6.22,38.53,2.542752863,186.0902553,1.0
6.72,38.53,2.413473578,186.1536427,1.0
7.22,38.53,2.196216676,186.7455657,1.0
7.72,38.53,2.017230879,186.7239835,1.0
8.22,38.53,2.100517182,188.7792961,1.0
8.72,38.53,2.03819477,195.2261136,1.0
9.22,38.53,2.181981995,185.2091686,1.0
9.72,38.53,1.615592895,183.1007781,1.0
10.22,38.53,1.330736041,183.6357827,1.0
10.72,38.53,1.349155651,183.0567999,1.0
11.22,38.53,1.441057556,183.0809108,1.0
11.72,38.53,1.580330344,183.4841702,1.0
12.22,38.53,1.511958355,183.4398686,1.0
12.72,38.53,1.403070386,183.9150969,1.0
13.22,38.53,1.227118247,183.4476061,1.0
13.72,38.53,1.170109333,182.7408752,1.0
14.22,38.53,1.173030487,182.4148379,1.0
14.72,38.53,1.158286158,182.7534207,1.0
15.22,38.53,1.259055219,183.0520174,1.0
15.72,38.53,1.925192567,185.7621673,1.0
16.72,38.53,2.508451102,181.1543201,1.0
17.22,38.53,2.344999403,180.4748584,1.0
17.72,38.53,2.078617592,178.3710669,1.0
18.22,38.53,1.955857385,178.3931008,1.0
18.72,38.53,1.942580271,178.880997,1.0
19.22,38.53,1.867942264,179.7020481,1.0
19.72,38.53,1.989963707,179.8555804,1.0
20.22,38.53,2.379721404,182.5359469,1.0
20.72,38.53,3.37374095,203.7926134,3.0
24.72,38.53,5.302529065,146.8992688,1.0
25.22,38.53,6.24098711,175.204191,1.0
25.72,38.53,7.522607269,200.409975,3.0
26.22,38.53,6.883945669,217.3989622,3.0
26.72,38.53,8.898424161,219.6061577,3.0
-0.28,38.03,5.166984384,197.5548315,1.0
0.22,38.03,3.147122402,186.3553025,1.0
0.72,38.03,2.283301152,181.0434948,1.0
1.22,38.03,2.126531986,183.9773507,1.0
1.72,38.03,2.146337761,185.4873549,1.0
2.22,38.03,2.043267804,188.2938218,1.0
2.72,38.03,2.059511641,186.7331731,1.0
3.22,38.03,2.135423315,185.8881323,1.0
3.72,38.03,2.180196723,186.4433411,1.0
4.22,38.03,2.185896242,186.6004663,1.0
4.72,38.03,2.242085191,186.373418,1.0
5.22,38.03,2.490556558,185.9985074,1.0
5.72,38.03,2.559463421,186.1229346,1.0
6.22,38.03,2.569226348,185.976542,1.0
6.72,38.03,2.44906828,185.5086374,1.0
7.22,38.03,2.326893733,185.3829625,1.0
7.72,38.03,2.233607906,186.1490443,1.0
8.22,38.03,2.059400286,187.6747609,1.0
8.72,38.03,1.934286788,186.0702881,1.0
9.22,38.03,1.80629919,181.6684073,1.0
9.72,38.03,1.46572338,179.4818593,1.0
10.22,38.03,1.356555556,178.9144114,1.0
10.72,38.03,1.3721385,179.8951571,1.0
11.22,38.03,1.566844302,179.0288755,1.0
11.72,38.03,1.858210191,178.8980442,1.0
12.22,38.03,1.811973397,189.0874574,1.0
13.72,38.03,1.129608663,179.8620834,1.0
14.22,38.03,1.148092725,180.8328051,1.0
16.22,38.03,3.024200032,182.1456691,1.0
16.72,38.03,2.353541774,180.7062741,1.0
17.22,38.03,2.246600247,178.6897338,1.0
17.72,38.03,2.169352977,178.6894161,1.0
18.22,38.03,2.17413482,179.5596851,1.0
18.72,38.03,2.213699448,180.4482378,1.0
19.22,38.03,1.967686564,180.5420627,1.0
19.72,38.03,1.81016718,180.6514143,1.0
20.22,38.03,2.189628238,180.9231047,1.0
20.72,38.03,2.982467537,215.2580739,3.0
21.22,38.03,5.396495395,234.870441,3.0
24.22,38.03,5.618821115,197.2263444,1.0
24.72,38.03,5.025376637,155.1272405,1.0
25.22,38.03,5.435045722,136.4904198,1.0
25.72,38.03,5.22817917,156.2441094,1.0
26.22,38.03,3.845819104,205.3402861,3.0
26.72,38.03,8.583938967,181.933037,1.0
-1.28,37.53,3.991241738,185.9173524,1.0
-0.78,37.53,4.45454856,205.3755653,3.0
-0.28,37.53,3.365867209,182.6526685,1.0
0.22,37.53,2.11509931,184.7114968,1.0
0.72,37.53,1.987738724,186.0984421,1.0
1.22,37.53,2.037206013,185.4632759,1.0
1.72,37.53,1.945411977,185.721649,1.0
2.22,37.53,1.861036041,185.2734243,1.0
2.72,37.53,1.928983569,184.4027964,1.0
3.22,37.53,2.023046276,184.0532085,1.0
3.72,37.53,2.201852747,184.2568154,1.0
4.22,37.53,2.416362118,184.641519,1.0
4.72,37.53,2.555368004,185.1292333,1.0
5.22,37.53,2.615376358,185.3788938,1.0
5.72,37.53,2.5401442,185.3873149,1.0
6.22,37.53,2.65337549,185.1851328,1.0
6.72,37.53,2.612919042,184.9634832,1.0
7.22,37.53,2.498300041,185.0772137,1.0
7.72,37.53,2.388864906,185.822968,1.0
8.22,37.53,2.26613844,188.192141,1.0
8.72,37.53,2.281110512,186.5386175,1.0
9.22,37.53,2.295872533,191.8814589,1.0
9.72,37.53,2.112544926,191.9741634,1.0
10.22,37.53,2.054139977,198.2154754,1.0
10.72,37.53,1.91934118,196.0526715,1.0
11.22,37.53,1.933984068,189.2465518,1.0
11.72,37.53,2.045871861,196.6185998,1.0
12.22,37.53,2.281134115,219.8657804,3.0
12.72,37.53,3.248201015,215.6417653,3.0
15.22,37.53,2.85873109,181.3406135,1.0
15.72,37.53,2.67786552,179.4535576,1.0
16.22,37.53,2.748348794,179.5591766,1.0
16.72,37.53,2.500111529,178.7919419,1.0
17.22,37.53,2.445717184,178.8293077,1.0
17.72,37.53,2.367598177,179.6493158,1.0
18.22,37.53,2.354146415,180.3100206,1.0
18.72,37.53,2.313599012,181.2294331,1.0
19.22,37.53,2.023153403,181.4626021,1.0
19.72,37.53,1.693418562,181.5957117,1.0
20.22,37.53,2.105592657,181.8791009,1.0
20.72,37.53,2.484666026,194.1651745,1.0
21.22,37.53,3.60718589,200.7037333,1.0
23.72,37.53,7.560866011,169.437502,1.0
24.22,37.53,6.010636482,194.8798313,1.0
24.72,37.53,5.114639578,200.9679137,3.0
25.22,37.53,5.078434946,168.2923263,1.0
25.72,37.53,4.109920726,138.8962387,1.0
26.22,37.53,2.846876961,148.2335683,1.0
26.72,37.53,7.269208296,202.094889,3.0
-1.78,37.03,3.681410544,174.6598784,1.0
-1.28,37.03,3.576308276,183.9756324,1.0
-0.78,37.03,3.413545531,183.059323,1.0
-0.28,37.03,2.693585496,183.6428409,1.0
0.22,37.03,2.052975473,183.0835316,1.0
0.72,37.03,2.112030826,182.2492894,1.0
1.22,37.03,2.281908474,182.0790378,1.0
1.72,37.03,2.366009449,182.1968693,1.0
2.22,37.03,2.464579538,183.7103475,1.0
2.72,37.03,3.016251321,184.4634144,1.0
3.22,37.03,3.717880478,184.7782772,1.0
3.72,37.03,4.443391531,185.4792774,1.0
4.22,37.03,4.754555861,185.3605441,1.0
4.72,37.03,4.218080917,185.7534382,1.0
5.22,37.03,3.835472717,186.0637965,1.0
5.72,37.03,4.199054156,186.2283477,1.0
6.22,37.03,4.953493141,186.0223368,1.0
6.72,37.03,4.671242083,187.5210626,1.0
7.22,37.03,5.003328959,196.7721847,1.0
7.72,37.03,4.106139368,189.4967376,1.0
8.22,37.03,3.123727046,191.9449268,1.0
8.72,37.03,2.516262391,200.5655989,1.0
10.22,37.03,4.348590124,238.5413893,3.0
10.72,37.03,3.946653558,220.0420115,3.0
11.22,37.03,2.482202217,203.2228226,3.0
11.72,37.03,1.971318879,203.2305138,3.0
12.22,37.03,2.11100147,212.4598599,3.0
12.72,37.03,3.002405931,194.0095507,1.0
13.22,37.03,3.922208346,197.8663488,1.0
13.72,37.03,4.708792663,203.7936145,3.0
14.22,37.03,5.413807835,227.2983287,3.0
15.72,37.03,2.368440602,179.2821811,1.0
16.22,37.03,2.042196079,179.8193406,1.0
16.72,37.03,2.202792486,179.9096317,1.0
17.22,37.03,2.61769753,180.187825,1.0
17.72,37.03,2.585404899,180.6899645,1.0
18.22,37.03,2.41501162,181.2019801,1.0
18.72,37.03,2.148637527,181.4529983,1.0
19.22,37.03,1.873820648,181.6020389,1.0
19.72,37.03,1.598374004,181.7092521,1.0
20.22,37.03,1.797771936,181.9642835,1.0
20.72,37.03,2.179769253,182.8051925,1.0
21.22,37.03,3.095340471,184.1740527,1.0
23.22,37.03,6.293960377,176.9545107,1.0
23.72,37.03,4.374890505,172.3880692,1.0
24.22,37.03,4.173231819,178.9792301,1.0
24.72,37.03,4.681633918,198.1203422,1.0
25.72,37.03,3.509392728,203.7356253,3.0
26.22,37.03,2.224298748,188.2899798,1.0
26.72,37.03,3.110386816,225.2127107,3.0
27.22,37.03,4.497889298,231.8902154,3.0
-4.28,36.53,5.714712865,170.2625928,1.0
-3.78,36.53,4.879249452,155.8768504,1.0
-3.28,36.53,4.564698053,159.3797162,1.0
-2.78,36.53,4.534477512,172.4131064,1.0
-2.28,36.53,4.329228176,181.4807723,1.0
-1.78,36.53,3.789159103,179.2295257,1.0
-1.28,36.53,3.262715477,182.3255955,1.0
-0.78,36.53,2.975545433,179.7102085,1.0
-0.28,36.53,2.892146034,180.3926083,1.0
0.22,36.53,2.953203764,181.6799301,1.0
0.72,36.53,3.216222306,182.1720352,1.0
1.22,36.53,3.473533497,181.4127253,1.0
11.22,36.53,2.429623616,226.5816007,3.0
11.72,36.53,1.749351607,189.3812043,1.0
12.22,36.53,1.509166653,176.0905517,1.0
12.72,36.53,1.767291037,173.7322702,1.0
13.22,36.53,2.396510553,169.5325399,1.0
13.72,36.53,3.11307583,174.5961941,1.0
14.22,36.53,3.870809963,195.8609976,1.0
14.72,36.53,3.988182709,200.4280725,1.0
15.22,36.53,3.215548911,190.4525878,1.0
15.72,36.53,2.307227308,180.3176477,1.0
16.22,36.53,1.415276021,180.8543162,1.0
16.72,36.53,1.096345711,180.9580319,1.0
17.22,36.53,1.510996528,181.0218824,1.0
17.72,36.53,1.544983622,181.3959283,1.0
18.22,36.53,1.573476356,181.5106266,1.0
18.72,36.53,1.761603758,181.5072367,1.0
19.22,36.53,1.644753588,181.6318571,1.0
19.72,36.53,1.263706815,181.8005198,1.0
20.22,36.53,1.438597361,182.0515024,1.0
20.72,36.53,2.093714816,182.7665651,1.0
21.22,36.53,2.842359849,183.4189821,1.0
21.72,36.53,3.729677117,183.8280871,1.0
22.22,36.53,4.300781817,184.1849926,1.0
22.72,36.53,4.154238816,183.9686694,1.0
23.22,36.53,3.679044523,173.4709502,1.0
23.72,36.53,3.357057761,173.0427186,1.0
24.22,36.53,3.61720828,178.8943259,1.0
24.72,36.53,4.136319765,194.3529696,1.0
25.22,36.53,3.604559169,213.2546294,3.0
25.72,36.53,2.452014417,195.0312378,1.0
26.22,36.53,2.028119768,178.7566462,1.0
26.72,36.53,2.098014125,193.8596437,1.0
27.22,36.53,2.211273786,208.8969894,3.0
27.72,36.53,2.417920273,205.7524848,3.0
28.22,36.53,3.081450444,209.7806248,3.0
28.72,36.53,5.533330551,186.6298361,1.0
30.72,36.53,15.31724491,184.3565699,1.0
31.22,36.53,5.744113804,200.7378175,3.0
31.72,36.53,2.287539828,172.9388982,1.0
34.72,36.53,11.8476579,226.0094667,3.0
35.22,36.53,22.70700134,225.4079925,3.0
35.72,36.53,51.46467663,227.5119117,0.0
-5.78,36.03,7.460740756,184.6400675,1.0
-5.28,36.03,6.369656775,175.1675298,1.0
-4.78,36.03,5.713329371,153.8138354,1.0
-4.28,36.03,4.824130633,149.6520353,1.0
-3.78,36.03,4.350538499,150.5420202,1.0
-3.28,36.03,4.090837564,159.0948146,1.0
-2.78,36.03,4.0891079,168.4850041,1.0
-2.28,36.03,3.904348457,174.5953893,1.0
-1.78,36.03,3.690515148,179.9434823,1.0
-1.28,36.03,3.543899569,180.1691787,1.0
-0.78,36.03,3.794094883,180.5182277,1.0
-0.28,36.03,5.654618336,180.5692945,1.0
10.72,36.03,4.3528535,243.9024494,3.0
11.22,36.03,2.223357372,235.3128864,3.0
11.72,36.03,1.547151757,196.6856438,1.0
12.22,36.03,1.382606209,179.7809441,1.0
12.72,36.03,1.473556811,164.3803065,1.0
13.22,36.03,1.550306488,160.7068456,1.0
13.72,36.03,1.630174965,164.8473624,1.0
14.22,36.03,1.978148288,186.9382999,1.0
14.72,36.03,2.679604645,202.7917478,3.0
15.22,36.03,2.899541203,195.3604863,1.0
15.72,36.03,2.163905056,180.8251697,1.0
16.22,36.03,1.111615121,181.463947,1.0
16.72,36.03,0.851059504,181.4883153,1.0
17.22,36.03,0.901000599,181.6259263,1.0
17.72,36.03,0.919111469,181.708415,1.0
18.22,36.03,1.13966022,181.5824394,1.0
18.72,36.03,1.780182198,181.4096325,1.0
19.22,36.03,1.651461763,181.438231,1.0
19.72,36.03,1.280611884,181.5460955,1.0
20.22,36.03,1.352100757,181.8490731,1.0
20.72,36.03,2.009945324,182.8895384,1.0
21.22,36.03,2.461322358,183.7536694,1.0
21.72,36.03,2.64738287,183.8962336,1.0
22.22,36.03,2.877992908,183.6649991,1.0
22.72,36.03,3.044988835,183.7429226,1.0
23.22,36.03,3.234399298,181.4508124,1.0
23.72,36.03,3.353277428,176.5442995,1.0
24.22,36.03,2.999770456,175.2273175,1.0
24.72,36.03,2.653040557,177.186622,1.0
25.22,36.03,2.296811241,183.9824834,1.0
25.72,36.03,2.053205276,180.9594854,1.0
26.22,36.03,1.92508575,181.4033164,1.0
26.72,36.03,1.898618952,181.712796,1.0
27.22,36.03,1.935717703,181.3105555,1.0
27.72,36.03,2.042362689,184.0484775,1.0
28.22,36.03,2.175852556,179.4485525,1.0
28.72,36.03,2.711146672,178.095992,1.0
29.22,36.03,2.763020822,178.3774926,1.0
29.72,36.03,2.220467641,176.975665,1.0
30.22,36.03,2.51763706,174.6794319,1.0
30.72,36.03,3.333620481,173.4210639,1.0
31.22,36.03,2.220225867,170.7320773,1.0
31.72,36.03,2.00525204,170.5756188,1.0
32.22,36.03,1.970934243,171.8920182,1.0
32.72,36.03,2.471628319,219.2156932,3.0
33.22,36.03,3.452464916,189.5440356,1.0
33.72,36.03,4.586355999,191.7227033,1.0
34.22,36.03,3.416619025,183.3109687,1.0
34.72,36.03,3.407407456,188.3788944,1.0
35.22,36.03,7.655456264,206.5860841,3.0
35.72,36.03,26.36974276,202.555381,3.0
-4.78,35.53,5.540684162,152.2945599,1.0
-4.28,35.53,4.683193307,144.6081744,1.0
-3.78,35.53,4.192233032,151.3918201,1.0
-3.28,35.53,3.933336697,157.2823759,1.0
-2.78,35.53,3.860226046,163.7647669,1.0
-2.28,35.53,3.775304188,165.925687,1.0
-1.78,35.53,3.998614274,169.3823441,1.0
-1.28,35.53,5.060902604,176.3648737,1.0
11.22,35.53,3.050525465,243.4087391,3.0
11.72,35.53,1.775953673,227.673793,3.0
12.22,35.53,1.53313611,207.2174421,3.0
12.72,35.53,1.423878395,188.4627595,1.0
13.22,35.53,1.325281721,169.246415,1.0
13.72,35.53,1.30985433,167.9211986,1.0
14.22,35.53,1.471616048,188.3415012,1.0
14.72,35.53,1.778538286,209.2296711,3.0
15.22,35.53,2.182216464,200.2214765,1.0
15.72,35.53,1.767676541,181.8337896,1.0
16.22,35.53,1.031955587,181.2567177,1.0
16.72,35.53,0.862157733,181.7990654,1.0
17.22,35.53,0.832122465,181.7990992,1.0
17.72,35.53,0.852801599,181.7039318,1.0
18.22,35.53,1.165152551,181.5711966,1.0
18.72,35.53,1.870014468,181.3649224,1.0
19.22,35.53,1.601214078,181.1054963,1.0
19.72,35.53,1.340248009,181.2162872,1.0
20.22,35.53,1.476206903,181.5529576,1.0
20.72,35.53,1.989995206,182.2716585,1.0
21.22,35.53,2.378813564,183.6197429,1.0
21.72,35.53,2.399473367,184.0430828,1.0
22.22,35.53,2.468718356,184.1374915,1.0
22.72,35.53,2.91109156,183.5480015,1.0
23.22,35.53,3.416680735,182.4195697,1.0
24.22,35.53,2.250041541,182.0792843,1.0
24.72,35.53,2.066056423,178.9707007,1.0
25.22,35.53,1.977145906,180.2777991,1.0
25.72,35.53,1.899244188,180.7988851,1.0
26.22,35.53,1.785628722,180.3099513,1.0
26.72,35.53,1.780299194,180.5169664,1.0
27.22,35.53,1.829279078,180.7904435,1.0
27.72,35.53,1.917287888,180.6493259,1.0
28.22,35.53,1.923437135,178.8602964,1.0
28.72,35.53,1.88817367,180.1206115,1.0
29.22,35.53,1.909603428,177.9717762,1.0
29.72,35.53,1.932037572,176.7706584,1.0
30.22,35.53,1.885645229,175.7353662,1.0
30.72,35.53,1.789408322,172.5282521,1.0
31.22,35.53,1.739324344,169.9928076,1.0
31.72,35.53,1.812630279,169.2400062,1.0
32.22,35.53,1.954315597,170.1025635,1.0
32.72,35.53,2.030693493,173.9575602,1.0
33.22,35.53,2.236903377,173.6942439,1.0
33.72,35.53,2.123235027,168.763066,1.0
34.72,35.53,1.490797494,164.460259,1.0
35.22,35.53,2.014067798,164.2946659,1.0
35.72,35.53,8.878528273,168.9512463,1.0
11.22,35.03,4.250993146,234.3816553,3.0
11.72,35.03,2.333368731,242.0547844,3.0
12.22,35.03,1.685917688,244.6284674,3.0
12.72,35.03,1.433916936,232.5228118,3.0
13.22,35.03,1.246568395,201.0115637,1.0
13.72,35.03,1.097865971,183.7375645,1.0
14.22,35.03,1.171169328,183.0377919,1.0
14.72,35.03,1.38232538,190.6755996,1.0
15.22,35.03,1.598596733,193.3635179,1.0
15.72,35.03,1.416281929,186.3543578,1.0
16.22,35.03,1.038728319,180.6436414,1.0
16.72,35.03,0.878895836,180.2882155,1.0
17.22,35.03,0.82030761,181.4827156,1.0
17.72,35.03,0.937724088,181.7592893,1.0
18.22,35.03,1.542168781,181.6383453,1.0
18.72,35.03,1.985773442,181.2640348,1.0
19.22,35.03,1.485776084,180.8784963,1.0
19.72,35.03,1.347046031,180.9962744,1.0
20.22,35.03,1.626523035,181.549238,1.0
20.72,35.03,1.930173004,182.0797132,1.0
21.22,35.03,2.1667885,182.7778594,1.0
21.72,35.03,1.972035593,183.3633069,1.0
22.22,35.03,1.803325818,183.7160505,1.0
22.72,35.03,1.962749225,183.5477684,1.0
23.22,35.03,1.711048523,182.7264995,1.0
23.72,35.03,1.760693158,191.9734679,1.0
24.22,35.03,2.464790593,187.0420931,1.0
24.72,35.03,2.612839071,180.7164472,1.0
26.72,35.03,1.956242919,181.8997037,1.0
27.22,35.03,1.978057559,180.9688627,1.0
27.72,35.03,2.04886216,180.5940466,1.0
28.22,35.03,1.982029713,178.8843581,1.0
28.72,35.03,1.813091302,178.5001414,1.0
29.22,35.03,1.635385971,177.3962445,1.0
29.72,35.03,1.482742914,176.5555849,1.0
30.22,35.03,1.375278049,175.5845457,1.0
30.72,35.03,1.348152776,173.5201207,1.0
31.22,35.03,1.311504601,171.4462238,1.0
31.72,35.03,1.291739433,170.9334181,1.0
32.22,35.03,1.527773921,171.8785048,1.0
34.22,35.03,1.681178127,174.1494715,1.0
34.72,35.03,1.424471901,171.8340838,1.0
35.22,35.03,1.539904236,170.4060957,1.0
35.72,35.03,2.548042064,169.5256431,1.0
10.72,34.53,5.545239894,225.838072,3.0
11.22,34.53,4.118320293,227.5105264,3.0
11.72,34.53,2.291756656,234.4479222,3.0
12.22,34.53,1.474984954,243.0193201,3.0
12.72,34.53,1.201687309,230.3386234,3.0
13.22,34.53,1.078846428,199.0404185,1.0
13.72,34.53,0.982853743,189.8419599,1.0
14.22,34.53,0.951487544,189.2284498,1.0
14.72,34.53,0.969501758,190.9838433,1.0
15.22,34.53,1.009699434,194.7992834,1.0
15.72,34.53,1.01865171,190.3527393,1.0
16.22,34.53,0.959281432,183.2720704,1.0
16.72,34.53,0.858249695,178.9480949,1.0
17.22,34.53,0.796512214,179.7502494,1.0
17.72,34.53,0.922096308,180.9424422,1.0
18.22,34.53,1.544663921,181.4047731,1.0
18.72,34.53,1.833676843,181.2072874,1.0
19.22,34.53,1.226132815,180.8304532,1.0
19.72,34.53,1.085274461,180.6701439,1.0
20.22,34.53,1.452791661,181.2641817,1.0
20.72,34.53,1.754414284,181.6690844,1.0
21.22,34.53,1.820542268,181.8830466,1.0
21.72,34.53,1.681473147,182.1887533,1.0
22.22,34.53,1.63228618,182.3355363,1.0
22.72,34.53,1.45975117,182.2860216,1.0
23.22,34.53,1.032637806,182.0313864,1.0
23.72,34.53,0.978516602,182.0916639,1.0
24.22,34.53,1.668446932,181.3661755,1.0
24.72,34.53,2.370828882,180.6070888,1.0
25.22,34.53,2.172578798,182.1621214,1.0
25.72,34.53,2.083263454,182.7331148,1.0
26.22,34.53,2.020854469,180.9387599,1.0
26.72,34.53,2.063916103,180.5077773,1.0
27.22,34.53,2.183191867,180.4413673,1.0
27.72,34.53,2.233209309,179.9651079,1.0
28.22,34.53,2.054503123,179.0582088,1.0
28.72,34.53,1.853884421,178.2630746,1.0
29.22,34.53,1.720356774,177.4721153,1.0
29.72,34.53,1.577866022,177.0531728,1.0
30.22,34.53,1.41749422,176.2007933,1.0
30.72,34.53,1.351804588,174.4476841,1.0
31.22,34.53,1.272502801,173.0530245,1.0
31.72,34.53,1.171273925,172.4939283,1.0
32.22,34.53,1.256211587,173.4492435,1.0
32.72,34.53,1.54371711,174.6506325,1.0
33.22,34.53,1.576957854,176.5530256,1.0
33.72,34.53,1.678457848,177.5978117,1.0
34.22,34.53,1.570542441,176.4002032,1.0
34.72,34.53,1.395530658,174.9615032,1.0
35.22,34.53,1.63881178,173.3310909,1.0
35.72,34.53,3.312680991,172.1410735,1.0
10.22,34.03,6.393638422,224.8219185,3.0
10.72,34.03,4.708697817,228.1702585,3.0
11.22,34.03,2.55425279,238.1496591,3.0
11.72,34.03,1.395889118,242.2572885,3.0
12.22,34.03,1.039488195,239.1793304,3.0
12.72,34.03,0.937746323,219.8311885,3.0
13.22,34.03,0.955301659,197.4023253,1.0
13.72,34.03,0.977402124,191.7104543,1.0
14.22,34.03,0.912209577,192.439822,1.0
14.72,34.03,0.8843004,192.6888447,1.0
15.22,34.03,0.888742312,190.8256402,1.0
15.72,34.03,0.898616499,186.4928095,1.0
16.22,34.03,0.887589169,181.147458,1.0
16.72,34.03,0.822704771,178.5216869,1.0
17.22,34.03,0.765892189,178.9689818,1.0
17.72,34.03,0.774173951,180.1380606,1.0
18.22,34.03,0.950993838,180.8009123,1.0
18.72,34.03,1.26626266,181.0471075,1.0
19.22,34.03,1.101368658,180.8696115,1.0
19.72,34.03,0.921462564,180.6934783,1.0
20.22,34.03,1.046729152,180.6531469,1.0
20.72,34.03,1.361199993,180.5171507,1.0
21.22,34.03,1.556547035,180.4817051,1.0
21.72,34.03,1.472720415,180.8098293,1.0
22.22,34.03,1.400447121,181.3817081,1.0
22.72,34.03,1.127218849,181.6824128,1.0
23.22,34.03,0.904205621,181.7587355,1.0
23.72,34.03,0.848674734,182.0324339,1.0
24.22,34.03,0.906114603,181.098324,1.0
24.72,34.03,1.372317954,179.7425458,1.0
25.22,34.03,2.017623837,179.968264,1.0
25.72,34.03,2.078412483,180.1572314,1.0
26.22,34.03,2.035246583,179.9727507,1.0
26.72,34.03,2.052006503,180.3329646,1.0
27.22,34.03,2.033909313,180.4559416,1.0
27.72,34.03,1.937456115,180.1837755,1.0
28.22,34.03,1.705411042,179.4260606,1.0
28.72,34.03,1.550649262,178.7488632,1.0
29.22,34.03,1.554040486,178.6164413,1.0
29.72,34.03,1.602453142,178.5320308,1.0
30.22,34.03,1.532128144,178.1166388,1.0
30.72,34.03,1.355153084,176.8147807,1.0
31.22,34.03,1.214393055,174.8894954,1.0
31.72,34.03,1.141557503,173.4026678,1.0
32.22,34.03,1.165078795,173.098004,1.0
32.72,34.03,1.310605777,173.4977944,1.0
33.22,34.03,1.493179332,174.2104655,1.0
33.72,34.03,1.582641426,174.7559459,1.0
34.22,34.03,1.523517866,174.2442332,1.0
34.72,34.03,1.420601994,174.0462274,1.0
35.22,34.03,2.749688036,173.3607864,1.0
10.72,33.53,5.185286997,225.3215844,3.0
11.22,33.53,3.457523465,233.4495657,3.0
11.72,33.53,1.938961844,240.524607,3.0
12.22,33.53,1.085997533,232.5712134,3.0
12.72,33.53,0.891768791,193.5820108,1.0
13.22,33.53,0.995391191,189.4320258,1.0
13.72,33.53,1.086802231,191.4335518,1.0
14.22,33.53,0.912860423,189.9266011,1.0
14.72,33.53,0.818416531,188.2913897,1.0
15.22,33.53,0.815431297,185.3454122,1.0
15.72,33.53,0.823364996,181.8988964,1.0
16.22,33.53,0.820527215,179.2942545,1.0
16.72,33.53,0.799527201,178.3929524,1.0
17.22,33.53,0.7821909,178.4359458,1.0
17.72,33.53,0.770980469,178.9972908,1.0
18.22,33.53,0.759860341,179.9291513,1.0
18.72,33.53,0.803725669,180.664117,1.0
19.22,33.53,0.86679657,180.8517626,1.0
19.72,33.53,0.868905292,180.6722455,1.0
20.22,33.53,0.855521465,180.4586728,1.0
20.72,33.53,0.917685699,180.2596334,1.0
21.22,33.53,1.179512534,180.0804749,1.0
21.72,33.53,1.291170704,180.0758524,1.0
22.22,33.53,1.191705349,180.460787,1.0
22.72,33.53,1.110107063,181.235726,1.0
23.22,33.53,1.002467254,181.9261661,1.0
23.72,33.53,0.929879746,182.0163356,1.0
24.22,33.53,0.895756891,181.4981501,1.0
24.72,33.53,0.967228356,180.5464114,1.0
25.22,33.53,1.504399527,180.1392229,1.0
25.72,33.53,1.906324433,180.1691756,1.0
26.22,33.53,1.911623764,180.3113035,1.0
26.72,33.53,1.785757546,180.4792349,1.0
27.22,33.53,1.529541498,180.6328871,1.0
27.72,33.53,1.339317368,180.4132247,1.0
28.22,33.53,1.212698174,179.9918178,1.0
28.72,33.53,1.18636107,179.7303563,1.0
29.22,33.53,1.264152897,179.3822945,1.0
29.72,33.53,1.333541406,179.1700156,1.0
30.22,33.53,1.266578581,178.7581428,1.0
30.72,33.53,1.22129744,177.6538386,1.0
31.22,33.53,1.312859018,176.0005715,1.0
31.72,33.53,1.268045648,174.5336843,1.0
32.22,33.53,1.187015434,174.0104735,1.0
32.72,33.53,1.280071952,174.8483014,1.0
33.22,33.53,1.435675466,173.7869157,1.0
33.72,33.53,1.526481481,173.5904135,1.0
34.22,33.53,1.445900981,174.0633126,1.0
34.72,33.53,1.973601691,174.3691204,1.0
35.22,33.53,5.911255381,181.7442473,1.0
12.22,33.03,1.714606388,236.981381,3.0
12.72,33.03,1.59190003,213.6546967,3.0
13.22,33.03,2.083758607,203.4418187,3.0
13.72,33.03,1.742816387,199.5074095,1.0
14.22,33.03,1.259325708,191.4092597,1.0
14.72,33.03,0.881939175,188.258273,1.0
15.22,33.03,0.756863884,185.1121673,1.0
15.72,33.03,0.758387511,182.3397694,1.0
16.22,33.03,0.7799522,179.903789,1.0
16.72,33.03,0.802389376,179.1542208,1.0
17.22,33.03,0.80630492,178.7949868,1.0
17.72,33.03,0.784908771,178.8682555,1.0
18.22,33.03,0.753722253,179.2785724,1.0
18.72,33.03,0.742326175,179.8549163,1.0
19.22,33.03,0.751326155,180.2587154,1.0
19.72,33.03,0.777637558,180.4119946,1.0
20.22,33.03,0.799561094,180.4877091,1.0
20.72,33.03,0.841400375,180.5542051,1.0
21.22,33.03,0.975150786,181.0906018,1.0
21.72,33.03,1.1486912,181.9003902,1.0
22.22,33.03,1.085710069,182.7401155,1.0
22.72,33.03,1.055320847,183.2695005,1.0
23.22,33.03,1.024969952,182.4452349,1.0
23.72,33.03,0.963291102,181.7251035,1.0
24.22,33.03,0.92476062,181.6889087,1.0
24.72,33.03,0.920495504,181.3389437,1.0
25.22,33.03,1.003877535,180.7870903,1.0
25.72,33.03,1.161623449,180.4355472,1.0
26.22,33.03,1.194433193,180.3472575,1.0
26.72,33.03,1.106244142,180.5182104,1.0
27.22,33.03,1.026316624,180.7538684,1.0
27.72,33.03,1.01755046,180.5305187,1.0
28.22,33.03,1.02140707,180.0517736,1.0
28.72,33.03,1.045867808,179.7165797,1.0
29.22,33.03,1.110937812,179.4605342,1.0
29.72,33.03,1.155883691,178.8511697,1.0
30.22,33.03,1.183050098,177.6837365,1.0
30.72,33.03,1.384883027,176.0806328,1.0
31.22,33.03,1.732167796,174.9236284,1.0
31.72,33.03,1.628595448,174.5886434,1.0
32.22,33.03,1.351769377,174.8582635,1.0
32.72,33.03,1.351416954,175.3395268,1.0
33.22,33.03,1.436871589,174.8344043,1.0
33.72,33.03,1.569826615,174.5079459,1.0
34.22,33.03,1.81041805,174.696902,1.0
34.72,33.03,4.775994118,175.324884,1.0
14.72,32.53,1.207218695,196.4365188,1.0
15.22,32.53,0.913135745,193.0443856,1.0
15.72,32.53,0.770154167,186.3472208,1.0
16.22,32.53,0.745833295,182.4858039,1.0
16.72,32.53,0.748304291,180.3292167,1.0
17.22,32.53,0.756162005,179.6654617,1.0
17.72,32.53,0.746922994,179.4199865,1.0
18.22,32.53,0.727064649,179.577649,1.0
18.72,32.53,0.718056693,180.1016491,1.0
19.22,32.53,0.738860391,181.6177993,1.0
19.72,32.53,0.830094575,185.8303126,1.0
20.22,32.53,1.04506768,196.1396066,1.0
23.22,32.53,0.954867535,202.5910095,3.0
23.72,32.53,0.913173798,185.7365977,1.0
24.22,32.53,0.881974379,182.3264805,1.0
24.72,32.53,0.855132064,181.1989982,1.0
25.22,32.53,0.865076618,180.2652891,1.0
25.72,32.53,0.882361839,180.0421522,1.0
26.22,32.53,0.895512184,180.1325704,1.0
26.72,32.53,0.921808945,180.349094,1.0
27.22,32.53,0.945688419,180.4057352,1.0
27.72,32.53,0.970527007,180.0907936,1.0
28.22,32.53,0.970224546,179.6863373,1.0
28.72,32.53,1.019904433,179.531982,1.0
29.22,32.53,1.129604358,178.8188766,1.0
29.72,32.53,1.143495088,177.4101711,1.0
30.22,32.53,1.077110886,176.1495545,1.0
30.72,32.53,1.220353955,175.3376831,1.0
31.22,32.53,1.583298553,174.8509484,1.0
31.72,32.53,1.663242906,174.6248457,1.0
32.22,32.53,1.519100342,174.9368594,1.0
32.72,32.53,1.49060131,175.0695204,1.0
33.22,32.53,1.592997075,175.0896112,1.0
33.72,32.53,1.665846364,175.0517093,1.0
34.22,32.53,2.237726888,175.0052237,1.0
34.72,32.53,7.953811043,178.60332,1.0
15.72,32.03,0.794735678,219.8787508,3.0
16.22,32.03,0.721694224,191.9343621,1.0
16.72,32.03,0.705674271,183.4085329,1.0
17.22,32.03,0.703381177,181.2152185,1.0
17.72,32.03,0.703333048,180.4196293,1.0
18.22,32.03,0.704637725,180.3196582,1.0
18.72,32.03,0.729153957,181.1586367,1.0
19.22,32.03,0.811095573,184.8160216,1.0
19.72,32.03,1.090099667,203.2921193,3.0
24.22,32.03,0.874449248,210.4711157,3.0
24.72,32.03,0.851922991,188.4920877,1.0
25.22,32.03,0.865272019,184.4377835,1.0
25.72,32.03,0.865937439,179.9561153,1.0
26.22,32.03,0.860904634,179.9608039,1.0
26.72,32.03,0.883458568,179.9688141,1.0
27.22,32.03,0.903614471,179.899783,1.0
27.72,32.03,0.90365501,179.8059743,1.0
28.22,32.03,0.914670526,179.7269459,1.0
28.72,32.03,0.97781037,179.2499419,1.0
29.22,32.03,1.029987514,177.984303,1.0
29.72,32.03,0.99409919,177.2695872,1.0
30.22,32.03,0.974449452,178.08885,1.0
30.72,32.03,1.041849993,180.4728575,1.0
31.22,32.03,1.181156186,189.281422,1.0
31.72,32.03,1.320154949,180.5900998,1.0
32.22,32.03,1.477077113,175.8256339,1.0
32.72,32.03,1.548362079,175.4521132,1.0
33.22,32.03,1.615777798,174.7099794,1.0
33.72,32.03,1.725370898,174.4420602,1.0
34.22,32.03,3.898252447,176.0795874,1.0
34.72,32.03,13.18895311,203.5491026,3.0
15.72,31.53,0.98710419,231.8516567,3.0
16.22,31.53,0.812672727,217.2213371,3.0
16.72,31.53,0.742677752,193.0745516,1.0
17.22,31.53,0.720966435,187.6815776,1.0
17.72,31.53,0.715768817,184.9622509,1.0
18.22,31.53,0.730859985,182.6642933,1.0
18.72,31.53,0.755211393,182.7983628,1.0
19.22,31.53,0.852488669,188.9290487,1.0
19.72,31.53,1.066515013,222.7271293,3.0
25.22,31.53,0.935160566,196.6677732,1.0
26.72,31.53,0.921801448,189.1522515,1.0
27.22,31.53,0.933392923,181.0675314,1.0
27.72,31.53,0.931961481,179.9008474,1.0
28.22,31.53,0.919849651,179.2325437,1.0
28.72,31.53,0.91989617,178.4691553,1.0
29.22,31.53,0.952570238,178.9090215,1.0
29.72,31.53,1.06790086,185.0753905,1.0
30.22,31.53,1.216288613,210.3861063,3.0
30.72,31.53,1.334599076,213.6137113,3.0
31.72,31.53,1.342562573,215.6724127,3.0
32.22,31.53,1.369559633,212.9425852,3.0
32.72,31.53,1.43108163,202.1700727,3.0
33.22,31.53,1.467026989,190.7234722,1.0
33.72,31.53,1.597143195,189.2767247,1.0
34.22,31.53,4.310194867,195.456186,1.0
17.72,31.03,0.850526583,218.0138374,3.0
18.22,31.03,0.850762326,198.7802186,1.0
18.72,31.03,0.800208375,188.0726217,1.0
19.22,31.03,0.851147393,188.3583467,1.0
19.72,31.03,1.080776391,217.1135511,3.0
28.72,31.03,1.114471986,190.3456066,1.0
29.22,31.03,1.112721815,194.5681231,1.0
18.72,30.53,0.997642197,216.5661341,3.0
19.22,30.53,1.003110964,199.0171881,1.0
